[
    {
        "id": "1",
        "title": "Baby Yoda",
        "image": "img/products/baby-yoda.svg",
        "additionalImages": [
            "https://placekitten.com/200/139",
            "https://placekitten.com/200/139?2"
        ],
        "description": "Baby Yoda sticker",
        "price": 49.99
    },
    {
        "id": "2",
        "title": "Banana",
        "image": "img/products/banana.svg",
        "additionalImages": [
            "https://placekitten.com/200/139",
            "https://placekitten.com/200/139?2"
        ],
        "description": "Banana sticker",
        "price": 19.99
    },
    {
        "id": "3",
        "title": "Girl",
        "image": "img/products/girl.svg",
        "additionalImages": [
            "https://placekitten.com/201/139",
            "https://placekitten.com/201/139?2"
        ],
        "description": "Girl sticker",
        "price": 24.99
    },
    {
        "id": "4",
        "title": "Viking",
        "image": "img/products/viking.svg",
        "additionalImages": [
            "https://placekitten.com/203/139",
            "https://placekitten.com/204/139?2"
        ],
        "description": "Viking sticker",
        "price": 34.99
    }
]